[{"masse":130,"diametre":5,"type":0},{"masse":99,"diametre":6,"type":1},{"masse":125,"diametre":6,"type":0},{"masse":96,"diametre":4,"type":1},{"masse":160,"diametre":5,"type":0},{"masse":83,"diametre":4,"type":1},{"masse":163,"diametre":9,"type":0},{"masse":97,"diametre":6,"type":1},{"masse":163,"diametre":8,"type":0},{"masse":76,"diametre":4,"type":1},{"masse":130,"diametre":8,"type":0},{"masse":95,"diametre":6,"type":1},{"masse":141,"diametre":6,"type":0},{"masse":75,"diametre":5,"type":1},{"masse":157,"diametre":5,"type":0},{"masse":87,"diametre":4,"type":1},{"masse":140,"diametre":5,"type":0},{"masse":88,"diametre":4,"type":1},{"masse":142,"diametre":7,"type":0},{"masse":78,"diametre":6,"type":1},{"masse":162,"diametre":6,"type":0},{"masse":79,"diametre":5,"type":1},{"masse":137,"diametre":9,"type":0},{"masse":102,"diametre":4,"type":1},{"masse":135,"diametre":8,"type":0},{"masse":79,"diametre":6,"type":1},{"masse":126,"diametre":6,"type":0},{"masse":77,"diametre":5,"type":1},{"masse":145,"diametre":6,"type":0},{"masse":83,"diametre":5,"type":1},{"masse":160,"diametre":6,"type":0},{"masse":89,"diametre":5,"type":1},{"masse":130,"diametre":6,"type":0},{"masse":79,"diametre":5,"type":1},{"masse":128,"diametre":6,"type":0},{"masse":94,"diametre":4,"type":1},{"masse":172,"diametre":9,"type":0},{"masse":95,"diametre":5,"type":1},{"masse":143,"diametre":6,"type":0},{"masse":96,"diametre":4,"type":1},{"masse":137,"diametre":9,"type":0},{"masse":95,"diametre":4,"type":1},{"masse":152,"diametre":5,"type":0},{"masse":84,"diametre":5,"type":1},{"masse":139,"diametre":6,"type":0},{"masse":78,"diametre":4,"type":1},{"masse":158,"diametre":5,"type":0},{"masse":89,"diametre":6,"type":1},{"masse":143,"diametre":5,"type":0},{"masse":88,"diametre":5,"type":1},{"masse":164,"diametre":8,"type":0},{"masse":101,"diametre":5,"type":1},{"masse":130,"diametre":5,"type":0},{"masse":91,"diametre":5,"type":1},{"masse":152,"diametre":6,"type":0},{"masse":100,"diametre":6,"type":1},{"masse":146,"diametre":9,"type":0},{"masse":82,"diametre":5,"type":1},{"masse":141,"diametre":7,"type":0},{"masse":83,"diametre":6,"type":1},{"masse":156,"diametre":9,"type":0},{"masse":103,"diametre":6,"type":1},{"masse":165,"diametre":8,"type":0},{"masse":100,"diametre":4,"type":1},{"masse":153,"diametre":7,"type":0},{"masse":91,"diametre":6,"type":1},{"masse":141,"diametre":8,"type":0},{"masse":100,"diametre":4,"type":1},{"masse":173,"diametre":5,"type":0},{"masse":81,"diametre":4,"type":1},{"masse":135,"diametre":8,"type":0},{"masse":75,"diametre":4,"type":1},{"masse":154,"diametre":9,"type":0},{"masse":76,"diametre":6,"type":1},{"masse":127,"diametre":9,"type":0},{"masse":99,"diametre":5,"type":1},{"masse":163,"diametre":5,"type":0},{"masse":82,"diametre":6,"type":1},{"masse":133,"diametre":6,"type":0},{"masse":88,"diametre":5,"type":1},{"masse":129,"diametre":9,"type":0},{"masse":91,"diametre":5,"type":1},{"masse":137,"diametre":8,"type":0},{"masse":103,"diametre":5,"type":1},{"masse":157,"diametre":9,"type":0},{"masse":102,"diametre":4,"type":1},{"masse":128,"diametre":9,"type":0},{"masse":81,"diametre":5,"type":1},{"masse":170,"diametre":7,"type":0},{"masse":80,"diametre":4,"type":1},{"masse":141,"diametre":8,"type":0},{"masse":80,"diametre":5,"type":1},{"masse":129,"diametre":8,"type":0},{"masse":104,"diametre":4,"type":1},{"masse":156,"diametre":8,"type":0},{"masse":103,"diametre":4,"type":1},{"masse":133,"diametre":6,"type":0},{"masse":92,"diametre":5,"type":1},{"masse":167,"diametre":9,"type":0},{"masse":104,"diametre":4,"type":1}]